,coordinates,date,hashtags,language,source,text,user
0,,Tue Feb 12 18:20:32 +0000 2019,[],en,"<a href=""http://twitter.com"" rel=""nofollow"">Twitter Web Client</a>",Give this Valentine's Day card to your loved ones https://t.co/3c9robE0ev,funnyordie
1,,Wed Feb 13 15:00:01 +0000 2019,[],en,"<a href=""https://studio.twitter.com"" rel=""nofollow"">Twitter Media Studio</a>",Are you a woman suffering from men who seem to hear ‚Äúyes‚Äù when you say ‚Äúno?‚Äù This may be just what you need. https://t.co/1rba4XgoZm,funnyordie
2,,Tue Feb 12 15:00:00 +0000 2019,[],en,"<a href=""https://studio.twitter.com"" rel=""nofollow"">Twitter Media Studio</a>",Lindsay Lohan is ready to mingle! https://t.co/zUmdEc8CDp,funnyordie
3,,Wed Feb 13 20:18:38 +0000 2019,[],en,"<a href=""http://twitter.com"" rel=""nofollow"">Twitter Web Client</a>",Good on Disney for finally listening to the fans and including Alita: Battle Angel in Frozen 2 https://t.co/9A0XOk44pw,funnyordie
4,,Wed Feb 13 18:59:30 +0000 2019,[],en,"<a href=""http://twitter.com"" rel=""nofollow"">Twitter Web Client</a>",")         )        )
    )     (         )       )   
_(___(____)____(___(__ _
\‚Ä¶ https://t.co/IcMnajwlpv",funnyordie
5,,Wed Feb 13 18:21:32 +0000 2019,[],en,"<a href=""http://twitter.com"" rel=""nofollow"">Twitter Web Client</a>",You're doing amazing sweetie! https://t.co/VemvybcfZp,funnyordie
6,,Wed Feb 13 15:00:01 +0000 2019,[],en,"<a href=""https://studio.twitter.com"" rel=""nofollow"">Twitter Media Studio</a>",Are you a woman suffering from men who seem to hear ‚Äúyes‚Äù when you say ‚Äúno?‚Äù This may be just what you need. https://t.co/1rba4XgoZm,funnyordie
7,,Wed Feb 13 02:00:00 +0000 2019,[],en,"<a href=""https://ads-api.twitter.com"" rel=""nofollow"">Twitter Ads Composer</a>",El Chapo's arrest made for some surprisingly funny jokes https://t.co/PIDAR8NgPL,funnyordie
8,,Wed Feb 13 01:00:00 +0000 2019,[],en,"<a href=""https://studio.twitter.com"" rel=""nofollow"">Twitter Media Studio</a>","Being a husband means always being ready!
https://t.co/r87YZW7Z2O https://t.co/LgYgKmg1Oy",funnyordie
9,,Wed Feb 13 00:03:00 +0000 2019,[],en,"<a href=""https://studio.twitter.com"" rel=""nofollow"">Twitter Media Studio</a>",Lotion is for teenagers! https://t.co/NkpnmJPtI8,funnyordie
10,,Tue Feb 12 23:02:00 +0000 2019,[],en,"<a href=""https://ads-api.twitter.com"" rel=""nofollow"">Twitter Ads Composer</a>",But we're not buying it. https://t.co/33d7nAgYYl,funnyordie
11,,Tue Feb 12 22:04:00 +0000 2019,[],en,"<a href=""https://ads-api.twitter.com"" rel=""nofollow"">Twitter Ads Composer</a>",Give yourself and your ex the Valentine's Day you both deserve https://t.co/eVHcBwumtF,funnyordie
12,,Tue Feb 12 18:48:47 +0000 2019,[],en,"<a href=""http://twitter.com"" rel=""nofollow"">Twitter Web Client</a>","JUDGE: have you reached a verdict

JURY: yes your honor, we believe the defendant is.... more like jail chapo",funnyordie
13,,Tue Feb 12 18:20:32 +0000 2019,[],en,"<a href=""http://twitter.com"" rel=""nofollow"">Twitter Web Client</a>",Give this Valentine's Day card to your loved ones https://t.co/3c9robE0ev,funnyordie
14,,Tue Feb 12 15:00:00 +0000 2019,[],en,"<a href=""https://studio.twitter.com"" rel=""nofollow"">Twitter Media Studio</a>",Lindsay Lohan is ready to mingle! https://t.co/zUmdEc8CDp,funnyordie
15,,Tue Feb 12 02:05:00 +0000 2019,[],en,"<a href=""https://ads-api.twitter.com"" rel=""nofollow"">Twitter Ads Composer</a>","Most people agree that this look is a royal mess - but hue knows, maybe we're all prussian to conclusions https://t.co/L8TdqwLLer",funnyordie
16,,Tue Feb 12 01:00:00 +0000 2019,[],en,"<a href=""https://studio.twitter.com"" rel=""nofollow"">Twitter Media Studio</a>","Louie Anderson brings you some completely unbelievable facts:
https://t.co/w1j5O2GWDb https://t.co/QLbCe6lhqv",funnyordie
17,,Tue Feb 12 00:02:00 +0000 2019,[],en,"<a href=""https://studio.twitter.com"" rel=""nofollow"">Twitter Media Studio</a>",It doesn't get any more powerful than this https://t.co/izyQNAZ5eb,funnyordie
18,,Mon Feb 11 22:20:53 +0000 2019,[],en,"<a href=""http://twitter.com/#!/download/ipad"" rel=""nofollow"">Twitter for iPad</a>",@cottoncandaddy It is law,funnyordie
19,,Mon Feb 11 21:59:27 +0000 2019,[],en,"<a href=""https://ads-api.twitter.com"" rel=""nofollow"">Twitter Ads Composer</a>",There were a lot of noteworthy red carpet looks but these three NEED TO BE DISCUSSED https://t.co/cyrmZP6Z46,funnyordie
20,,Mon Feb 11 18:41:35 +0000 2019,[],en,"<a href=""http://twitter.com"" rel=""nofollow"">Twitter Web Client</a>","NETFLIX: Are you still watching?

ME: https://t.co/9omlfAFTxZ",funnyordie
21,,Mon Feb 11 17:02:00 +0000 2019,[],en,"<a href=""https://ads-api.twitter.com"" rel=""nofollow"">Twitter Ads Composer</a>",If your rice gets wet dry it off by putting it in a bowl of phones,funnyordie
22,,Mon Feb 11 15:00:01 +0000 2019,[],en,"<a href=""https://studio.twitter.com"" rel=""nofollow"">Twitter Media Studio</a>",Cardi B should have won an award for this episode of Between Two Ferns https://t.co/pX61QwUV5Q,funnyordie
23,,Mon Feb 11 00:00:01 +0000 2019,[],en,"<a href=""https://studio.twitter.com"" rel=""nofollow"">Twitter Media Studio</a>",Married couples know what it's all about. https://t.co/IvCAabKjIN,funnyordie
24,,Sun Feb 10 22:00:00 +0000 2019,[],en,"<a href=""https://ads-api.twitter.com"" rel=""nofollow"">Twitter Ads Composer</a>","Saxophone Facts: 
- Will make you pregnant if played correctly
- Also referred to as 'curvy brass boi'
- Used for g‚Ä¶ https://t.co/hmwITzjkkb",funnyordie
25,,Sun Feb 10 18:00:00 +0000 2019,[],en,"<a href=""https://studio.twitter.com"" rel=""nofollow"">Twitter Media Studio</a>",Critics are raving about The Dirty Garage. Watch the full trailer here: https://t.co/azoeeEpLp6 https://t.co/zNyI8qR4Gm,funnyordie
26,,Sun Feb 10 16:01:00 +0000 2019,[],en,"<a href=""https://studio.twitter.com"" rel=""nofollow"">Twitter Media Studio</a>",Is Shawn Mendes secretly a diva? This limo driver likes to think so! https://t.co/WqwxK1EcNT,funnyordie
27,,Sun Feb 10 00:00:00 +0000 2019,[],en,"<a href=""https://studio.twitter.com"" rel=""nofollow"">Twitter Media Studio</a>",This is how they write Garfield Valentine's Day cards https://t.co/Stnx7IXDob,funnyordie
28,,Sat Feb 09 23:00:00 +0000 2019,[],en,"<a href=""https://ads-api.twitter.com"" rel=""nofollow"">Twitter Ads Composer</a>","I can't wait to embrace* my gorgeous** wife*** on Valentine's Day!

*fuck

**neon green

***croc",funnyordie
29,,Sat Feb 09 22:00:00 +0000 2019,[],en,"<a href=""https://ads-api.twitter.com"" rel=""nofollow"">Twitter Ads Composer</a>","Henry Rollins has a few issues with Dr. Seuss' famous children's book ""Oh, the Places You'll Go!"" https://t.co/jJipt6Naoq",funnyordie
30,,Sat Feb 09 19:01:00 +0000 2019,[],en,"<a href=""https://studio.twitter.com"" rel=""nofollow"">Twitter Media Studio</a>","It's about time we got an indie Star Wars film!
https://t.co/ltjkN4JViD https://t.co/NmOUysCmIP",funnyordie
31,,Sat Feb 09 15:01:00 +0000 2019,[],en,"<a href=""https://studio.twitter.com"" rel=""nofollow"">Twitter Media Studio</a>","As the great Shaggy says: ""It wasn't me."" https://t.co/LL4XZSEwbl",funnyordie
32,,Sat Feb 09 02:00:00 +0000 2019,[],en,"<a href=""https://ads-api.twitter.com"" rel=""nofollow"">Twitter Ads Composer</a>",This story was wild and the tweets are even better https://t.co/hsbkCv2oIG,funnyordie
33,,Sat Feb 09 01:48:15 +0000 2019,[],en,"<a href=""http://twitter.com/download/iphone"" rel=""nofollow"">Twitter for iPhone</a>","@SteveMorge That‚Äôs the secret Steve, they‚Äôre all die tweets",funnyordie
34,,Sat Feb 09 00:01:00 +0000 2019,[],en,"<a href=""https://studio.twitter.com"" rel=""nofollow"">Twitter Media Studio</a>",If a baguette wore pants how would it wear them? https://t.co/XxBjWYHB2R,funnyordie
35,,Fri Feb 08 22:12:00 +0000 2019,[],en,"<a href=""https://ads-api.twitter.com"" rel=""nofollow"">Twitter Ads Composer</a>",Because sometimes words just aren‚Äôt enough https://t.co/oXiIs0uPCS,funnyordie
36,,Fri Feb 08 20:02:00 +0000 2019,[],en,"<a href=""https://ads-api.twitter.com"" rel=""nofollow"">Twitter Ads Composer</a>","911: What's your emergency?

ME: A person wearing a fedora at a club just requested a song from a DJ",funnyordie
37,,Fri Feb 08 18:02:00 +0000 2019,[],en,"<a href=""https://studio.twitter.com"" rel=""nofollow"">Twitter Media Studio</a>",We put Steve Buscemi eyes on the Spice Girls and it's CHILLING https://t.co/ATTYSLAmKO,funnyordie
38,,Fri Feb 08 16:57:30 +0000 2019,[],en,"<a href=""http://twitter.com"" rel=""nofollow"">Twitter Web Client</a>",RT @BurgundyPodcast: My podcast is LIVE! Give it a hell of a listen: https://t.co/my7jXR9zFq,funnyordie
39,,Fri Feb 08 15:00:01 +0000 2019,[],en,"<a href=""https://studio.twitter.com"" rel=""nofollow"">Twitter Media Studio</a>",Unfollowing someone after a break-up: yay or nay? https://t.co/syRdlYUhhy,funnyordie
40,,Fri Feb 08 13:00:01 +0000 2019,[],en,"<a href=""https://studio.twitter.com"" rel=""nofollow"">Twitter Media Studio</a>","Dog DNA tests are just like 23andMe, but without the privacy concerns.

Watch the full video here:‚Ä¶ https://t.co/V9qqQiFymF",funnyordie
41,,Fri Feb 08 02:30:00 +0000 2019,[],en,"<a href=""https://ads-api.twitter.com"" rel=""nofollow"">Twitter Ads Composer</a>",Take our poll and tell us which one ruined your day more! https://t.co/jB2vS3KbIa,funnyordie
42,,Fri Feb 08 02:00:00 +0000 2019,[],en,"<a href=""https://studio.twitter.com"" rel=""nofollow"">Twitter Media Studio</a>","Tell your loved one how you really feel this Valentine's Day with our new greeting cards

https://t.co/4yzMDvBp7u https://t.co/AEo03MNKVp",funnyordie
43,,Fri Feb 08 01:30:00 +0000 2019,[],en,"<a href=""https://studio.twitter.com"" rel=""nofollow"">Twitter Media Studio</a>",Here's something we can all agree on https://t.co/ErcftuH44m,funnyordie
44,,Fri Feb 08 01:00:00 +0000 2019,[],en,"<a href=""https://studio.twitter.com"" rel=""nofollow"">Twitter Media Studio</a>","The life of sanitation workers just got a lot more dramatic:
https://t.co/o4LcKdu3YB https://t.co/YzQLrfxinK",funnyordie
45,,Fri Feb 08 00:30:00 +0000 2019,[],en,"<a href=""https://ads-api.twitter.com"" rel=""nofollow"">Twitter Ads Composer</a>","MIDWEST: I‚Äôm wearing 19 layers and my bones are still frozen

CALIFORNIA: My hand is cold",funnyordie
46,,Fri Feb 08 00:00:00 +0000 2019,[],en,"<a href=""https://ads-api.twitter.com"" rel=""nofollow"">Twitter Ads Composer</a>",This is nightmare fuel https://t.co/BcamVXKxLa,funnyordie
47,,Thu Feb 07 23:00:00 +0000 2019,[],en,"<a href=""https://studio.twitter.com"" rel=""nofollow"">Twitter Media Studio</a>","Ron Burgundy has a hard time with a hard ""E""
https://t.co/oKgYU4SId7 https://t.co/s8LhHFY6IL",funnyordie
48,,Thu Feb 07 22:30:28 +0000 2019,[],en,"<a href=""https://mobile.twitter.com"" rel=""nofollow"">Twitter Web App</a>",RT @TheWrap: Ron Burgundy Goes All In on 'Ted Cruz Is the Zodiac Killer' Theory https://t.co/u2Y4ByeKdN https://t.co/zvVwDnTyjD,funnyordie
49,,Thu Feb 07 22:00:00 +0000 2019,[],en,"<a href=""https://studio.twitter.com"" rel=""nofollow"">Twitter Media Studio</a>","Tell your loved one how you really feel this Valentine's Day with our new greeting cards

https://t.co/6Mq6fUYZOT https://t.co/DZkQT7aQs1",funnyordie
50,,Tue Feb 12 02:11:09 +0000 2019,[],en,"<a href=""https://about.twitter.com/products/tweetdeck"" rel=""nofollow"">TweetDeck</a>",HEY WE MADE IT THROUGH ANOTHER DAY. GET SO DRUNK THE DARKNESS SWALLOWS YOU.,LIFECOACHERS
51,,Sat Feb 09 20:54:36 +0000 2019,[],en,"<a href=""https://about.twitter.com/products/tweetdeck"" rel=""nofollow"">TweetDeck</a>",GRAVITY IS AWESOME. LET IT DRAG YOU RIGHT INTO THE GRAVE.,LIFECOACHERS
52,,Thu Feb 07 20:22:11 +0000 2019,[],en,"<a href=""https://about.twitter.com/products/tweetdeck"" rel=""nofollow"">TweetDeck</a>",PRACTICE BEING MORE CONSIDERATE OF OTHERS BY STAYING THE FUCK HOME.,LIFECOACHERS
53,,Tue Feb 05 21:24:54 +0000 2019,[],en,"<a href=""https://about.twitter.com/products/tweetdeck"" rel=""nofollow"">TweetDeck</a>",HAPPY TUESDAY. IN HELL EVERY DAY IS TUESDAY. GUESS WHERE YOU ARE.,LIFECOACHERS
54,,Mon Feb 04 13:08:24 +0000 2019,[],en,"<a href=""https://about.twitter.com/products/tweetdeck"" rel=""nofollow"">TweetDeck</a>","GOOD MORNING. GET YOUR HUNGOVER ASS OUT THERE, PAY IT FORWARD, RUIN SOMEONE ELSE'S DAY.",LIFECOACHERS
55,,Mon Feb 11 00:12:35 +0000 2019,[],en,"<a href=""http://twitter.com/download/iphone"" rel=""nofollow"">Twitter for iPhone</a>",Can‚Äôt believe it‚Äôs been a week since Maroon 5 - Rams 3,thesulk
56,,Wed Feb 06 02:24:21 +0000 2019,[],en,"<a href=""http://twitter.com/download/iphone"" rel=""nofollow"">Twitter for iPhone</a>","The president may be a republican, but it‚Äôs clear he has left leaning ties. https://t.co/pInlix5U2s",thesulk
57,,Thu Feb 07 18:14:46 +0000 2019,[],en,"<a href=""http://twitter.com/download/iphone"" rel=""nofollow"">Twitter for iPhone</a>",Anyone else have this two-month cold?,thesulk
58,,Mon Feb 11 00:48:35 +0000 2019,[],en,"<a href=""http://twitter.com/download/iphone"" rel=""nofollow"">Twitter for iPhone</a>","@RyanHartmanWins Okay, I found one. Might as well be a thousand. Point taken.",thesulk
59,,Mon Feb 11 00:19:44 +0000 2019,[],en,"<a href=""http://twitter.com/download/iphone"" rel=""nofollow"">Twitter for iPhone</a>",@RyanHartmanWins Show me one,thesulk
60,,Mon Feb 11 00:12:35 +0000 2019,[],en,"<a href=""http://twitter.com/download/iphone"" rel=""nofollow"">Twitter for iPhone</a>",Can‚Äôt believe it‚Äôs been a week since Maroon 5 - Rams 3,thesulk
61,,Sun Feb 10 22:36:12 +0000 2019,[],en,"<a href=""http://twitter.com/download/iphone"" rel=""nofollow"">Twitter for iPhone</a>","‚ÄúJenkins? Do you have the Liberty Insurance theme proposal?‚Äù

(He doesn‚Äôt) ‚ÄúUh, yeah! Sure, uh, Liberty Insurance.‚Ä¶ https://t.co/PVI2d3Tyvu",thesulk
62,,Sun Feb 10 05:17:12 +0000 2019,[],en,"<a href=""http://twitter.com/download/iphone"" rel=""nofollow"">Twitter for iPhone</a>",You hear the one about the Russian olympian? Apparently he meddled in democracy.,thesulk
63,,Sun Feb 10 03:26:59 +0000 2019,[],en,"<a href=""http://twitter.com/download/iphone"" rel=""nofollow"">Twitter for iPhone</a>",If my wife and I have a second child just know that I lost.,thesulk
64,,Sat Feb 09 00:57:49 +0000 2019,[],en,"<a href=""http://twitter.com/download/iphone"" rel=""nofollow"">Twitter for iPhone</a>",Everytime I see soccer on the ESPN front page I think ‚Äústop trying to make fetch happen‚Äù.,thesulk
65,,Fri Feb 08 20:17:14 +0000 2019,[],en,"<a href=""http://twitter.com/download/iphone"" rel=""nofollow"">Twitter for iPhone</a>",@MarkRuffalo ‚Äú...he instagrammed.‚Äù,thesulk
66,,Fri Feb 08 04:11:02 +0000 2019,[],en,"<a href=""http://twitter.com/download/iphone"" rel=""nofollow"">Twitter for iPhone</a>","Here‚Äôs an easy joke for you: whenever somebody talks about the Cayman Islands, wave your hand dismissively and say, ‚ÄúPfft! Cayman my ass.‚Äù",thesulk
67,,Thu Feb 07 21:19:36 +0000 2019,[],en,"<a href=""http://twitter.com/download/iphone"" rel=""nofollow"">Twitter for iPhone</a>",@ModernWood My daughter‚Äôs hand,thesulk
68,,Thu Feb 07 18:14:46 +0000 2019,[],en,"<a href=""http://twitter.com/download/iphone"" rel=""nofollow"">Twitter for iPhone</a>",Anyone else have this two-month cold?,thesulk
69,,Wed Feb 06 15:30:12 +0000 2019,[],en,"<a href=""http://twitter.com/download/iphone"" rel=""nofollow"">Twitter for iPhone</a>",@richardmarx Owned.,thesulk
70,,Wed Feb 06 02:24:21 +0000 2019,[],en,"<a href=""http://twitter.com/download/iphone"" rel=""nofollow"">Twitter for iPhone</a>","The president may be a republican, but it‚Äôs clear he has left leaning ties. https://t.co/pInlix5U2s",thesulk
71,,Wed Feb 13 19:47:13 +0000 2019,[],en,"<a href=""http://twitter.com/download/iphone"" rel=""nofollow"">Twitter for iPhone</a>","I saw a bunch of ants eating my chocolate bar on the kitchen counter.

There is life on Mars.",Dadsaysjokes
72,,Wed Feb 13 19:43:23 +0000 2019,[],en,"<a href=""http://twitter.com/download/iphone"" rel=""nofollow"">Twitter for iPhone</a>","Why do elephants hate running on the beach?

Because they can‚Äôt keep their trunks up.",Dadsaysjokes
73,,Wed Feb 13 19:41:58 +0000 2019,[],en,"<a href=""http://twitter.com/download/iphone"" rel=""nofollow"">Twitter for iPhone</a>","I made my son some scrambled eggs and as he was eating them I turned to him and said:

‚ÄúAre they all they were cracked up to be?‚Äù",Dadsaysjokes
74,,Wed Feb 13 19:40:25 +0000 2019,[],en,"<a href=""http://twitter.com/download/iphone"" rel=""nofollow"">Twitter for iPhone</a>","When she heard me sing, my music teacher told me I should be tenor.

Tenor twelve feet away from every musical instrument.",Dadsaysjokes
75,,Wed Feb 13 19:37:47 +0000 2019,[],en,"<a href=""http://twitter.com/download/iphone"" rel=""nofollow"">Twitter for iPhone</a>","Bilbo awoke one morning to find that a Tesco supermarket had been built next to his house.

There‚Äôs an unexpected item in the Baggins area.",Dadsaysjokes
76,,Tue Feb 12 22:09:06 +0000 2019,[],en,"<a href=""http://twitter.com/download/iphone"" rel=""nofollow"">Twitter for iPhone</a>","I don't want to brag, but I finished the jigsaw puzzle in a week and it said 2-4 years on the box.",Dadsaysjokes
77,,Tue Feb 12 22:07:31 +0000 2019,[],en,"<a href=""http://twitter.com/download/iphone"" rel=""nofollow"">Twitter for iPhone</a>","A joke from my daughter: Where does a tongue go to drop off its old clothes?

The Salivation army",Dadsaysjokes
78,,Tue Feb 12 20:21:13 +0000 2019,[],en,"<a href=""http://twitter.com/download/iphone"" rel=""nofollow"">Twitter for iPhone</a>","My wife is fed up of my constant wordplay jokes, so I asked her, ""How can I stop my addiction?""

‚ÄúWhatever means ne‚Ä¶ https://t.co/21dDOJPDrP",Dadsaysjokes
79,,Mon Feb 11 21:34:35 +0000 2019,[],en,"<a href=""http://twitter.com/download/iphone"" rel=""nofollow"">Twitter for iPhone</a>","Turned 18 today, so I bought a locket and put my own picture in it. Guess I really am...

Independent.",Dadsaysjokes
80,,Mon Feb 11 21:33:20 +0000 2019,[],en,"<a href=""http://twitter.com/download/iphone"" rel=""nofollow"">Twitter for iPhone</a>","Just spent 6 hours linking all my watches together to make a belt...

It was a waist of time.",Dadsaysjokes
81,,Mon Feb 11 21:30:58 +0000 2019,[],en,"<a href=""http://twitter.com/download/iphone"" rel=""nofollow"">Twitter for iPhone</a>","I've just finished reading a brilliant book called, 'How to avoid getting ripped off'...

Best ¬£100 I ever spent!",Dadsaysjokes
82,,Mon Feb 11 20:47:19 +0000 2019,[],en,"<a href=""http://twitter.com/download/iphone"" rel=""nofollow"">Twitter for iPhone</a>","My friend claims he can build a gun using his new 3D printer.

But I‚Äôm not impressed. I‚Äôve had a canon printer for years.",Dadsaysjokes
83,,Mon Feb 11 20:44:38 +0000 2019,[],en,"<a href=""http://twitter.com/download/iphone"" rel=""nofollow"">Twitter for iPhone</a>","Two windmills are standing in a field. Wanting to pass the time in conversation one turns to the other and asks ""Wh‚Ä¶ https://t.co/1OB7LMq26E",Dadsaysjokes
84,,Mon Feb 11 20:41:39 +0000 2019,[],en,"<a href=""http://twitter.com/download/iphone"" rel=""nofollow"">Twitter for iPhone</a>","You hear about the latest book on poltergeists?

It‚Äôs flying off the shelves.",Dadsaysjokes
85,,Mon Feb 11 20:39:36 +0000 2019,[],en,"<a href=""http://twitter.com/download/iphone"" rel=""nofollow"">Twitter for iPhone</a>","How many tropical birds does it take to screw in a lightbulb?

Two-can.",Dadsaysjokes
86,,Mon Feb 11 20:37:52 +0000 2019,[],en,"<a href=""http://twitter.com/download/iphone"" rel=""nofollow"">Twitter for iPhone</a>","What do you call a teacher who doesn't fart in public?

A private toot-er.",Dadsaysjokes
87,,Mon Feb 11 11:01:01 +0000 2019,[],en,"<a href=""http://twitter.com/download/iphone"" rel=""nofollow"">Twitter for iPhone</a>",RT @PubityOnInsta: When you haven‚Äôt seen bae in a while... https://t.co/NH77UBY0F3,Dadsaysjokes
88,,Sun Feb 10 18:44:35 +0000 2019,[],en,"<a href=""http://twitter.com/download/iphone"" rel=""nofollow"">Twitter for iPhone</a>","Did you hear about the monkeys Who shared an Amazon account?

They were prime mates.",Dadsaysjokes
89,,Sun Feb 10 18:17:51 +0000 2019,[],en,"<a href=""http://twitter.com/download/iphone"" rel=""nofollow"">Twitter for iPhone</a>","What is the medical diagnosis for owning too many dogs?

Roverdose.",Dadsaysjokes
90,,Sun Feb 10 16:57:26 +0000 2019,[],en,"<a href=""http://twitter.com/download/iphone"" rel=""nofollow"">Twitter for iPhone</a>","Why are French snails the fastest in the world?

L‚Äôess cargo.",Dadsaysjokes
91,,Sun Feb 10 16:56:02 +0000 2019,[],en,"<a href=""http://twitter.com/download/iphone"" rel=""nofollow"">Twitter for iPhone</a>","I told my wife I wanted to be cremated.

She made an appointment for Tuesday.",Dadsaysjokes
92,,Sun Feb 10 16:54:18 +0000 2019,[],en,"<a href=""http://twitter.com/download/iphone"" rel=""nofollow"">Twitter for iPhone</a>","My friend text me that he got a new job testing athlete for doping in the next olympics. 

I think he‚Äôs just taking the piss.....",Dadsaysjokes
93,,Sun Feb 10 16:49:58 +0000 2019,[],en,"<a href=""http://twitter.com/download/iphone"" rel=""nofollow"">Twitter for iPhone</a>","I slapped Dwayne Johnson's ass.

Didn‚Äôt feel like it at the time, but I realised I had hit rock bottom.",Dadsaysjokes
94,,Sat Feb 09 21:48:40 +0000 2019,[],en,"<a href=""http://twitter.com/download/iphone"" rel=""nofollow"">Twitter for iPhone</a>","I slapped Dwayne Johnson's ass.

Did feel like it at the time, but I realised I had hit rock bottom.",Dadsaysjokes
95,,Sat Feb 09 19:31:47 +0000 2019,[],en,"<a href=""http://twitter.com/download/iphone"" rel=""nofollow"">Twitter for iPhone</a>","David Hasselhoff walked into a bar and ordered a drink. 

‚Äúit‚Äôs a pleasure to serve you Mr Hasselhoff,‚Äù said the ba‚Ä¶ https://t.co/oiS4PYBuS9",Dadsaysjokes
96,,Sat Feb 09 19:23:33 +0000 2019,[],en,"<a href=""http://twitter.com/download/iphone"" rel=""nofollow"">Twitter for iPhone</a>","For years I was against organ transplants. 

Then I had a change of heart.",Dadsaysjokes
97,,Sat Feb 09 19:21:13 +0000 2019,[],en,"<a href=""http://twitter.com/download/iphone"" rel=""nofollow"">Twitter for iPhone</a>","What smells better than it tastes?

A nose.",Dadsaysjokes
98,,Sat Feb 09 19:11:45 +0000 2019,[],en,"<a href=""http://twitter.com/download/iphone"" rel=""nofollow"">Twitter for iPhone</a>","Why did the two worms have to leave their apple to get into Noah's ark?

Because they could only go in pears.",Dadsaysjokes
99,,Fri Feb 08 22:17:10 +0000 2019,[],en,"<a href=""http://twitter.com/download/iphone"" rel=""nofollow"">Twitter for iPhone</a>","I believe a lot of conflict in the Wild West could have been avoided completely...

...if cowboy architects had jus‚Ä¶ https://t.co/HAZENLoVL4",Dadsaysjokes
100,,Fri Feb 08 21:33:18 +0000 2019,[],en,"<a href=""http://twitter.com/download/iphone"" rel=""nofollow"">Twitter for iPhone</a>","I have a Russian friend who‚Äôs a sound technician. 

And a Czech one too. A Czech one too.",Dadsaysjokes
101,,Fri Feb 08 21:30:28 +0000 2019,[],en,"<a href=""http://twitter.com/download/iphone"" rel=""nofollow"">Twitter for iPhone</a>","What do you call a red headed baker?

A gingerbread man.",Dadsaysjokes
102,,Fri Feb 08 21:28:19 +0000 2019,[],en,"<a href=""http://twitter.com/download/iphone"" rel=""nofollow"">Twitter for iPhone</a>","Just heard about a dwarf who was pickpocketed

How could anyone stoop so low?",Dadsaysjokes
103,,Fri Feb 08 21:26:02 +0000 2019,[],en,"<a href=""http://twitter.com/download/iphone"" rel=""nofollow"">Twitter for iPhone</a>","In which Indian city do people always leave their mother?

Mumbai.",Dadsaysjokes
104,,Fri Feb 08 21:11:11 +0000 2019,[],en,"<a href=""http://twitter.com/download/iphone"" rel=""nofollow"">Twitter for iPhone</a>","How do you get a farm girl to like you?

A tractor.",Dadsaysjokes
105,,Fri Feb 08 21:05:47 +0000 2019,[],en,"<a href=""http://twitter.com/download/iphone"" rel=""nofollow"">Twitter for iPhone</a>","What do you call a bigoted fashion designer?

Clothes-minded.",Dadsaysjokes
106,,Fri Feb 08 20:40:07 +0000 2019,[],en,"<a href=""http://twitter.com/download/iphone"" rel=""nofollow"">Twitter for iPhone</a>","Why is ""Dark"" spelled with a K, and not a C ?

Because you can‚Äôt C in the dark.",Dadsaysjokes
107,,Thu Feb 07 16:49:44 +0000 2019,[],en,"<a href=""http://twitter.com/download/iphone"" rel=""nofollow"">Twitter for iPhone</a>","My wife‚Äôs leaving me because she thinks I‚Äôm obsessed with astronomy.

What planet is she on?",Dadsaysjokes
108,,Thu Feb 07 16:48:16 +0000 2019,[],en,"<a href=""http://twitter.com/download/iphone"" rel=""nofollow"">Twitter for iPhone</a>","My boss at Pixar and I got into a fight over our lack of new movies.

But then we made Up.",Dadsaysjokes
109,,Thu Feb 07 16:43:44 +0000 2019,[],en,"<a href=""http://twitter.com/download/iphone"" rel=""nofollow"">Twitter for iPhone</a>","I phoned my work this morning and said, ‚ÄúSorry boss, I can‚Äôt come in today, I have a wee cough.‚Äù

He said: ‚ÄúYou hav‚Ä¶ https://t.co/FlCLC2w7rl",Dadsaysjokes
110,,Thu Feb 07 16:33:03 +0000 2019,[],en,"<a href=""http://twitter.com/download/iphone"" rel=""nofollow"">Twitter for iPhone</a>","A guy came up to me and said, ‚ÄúMan your clothes are so gay‚Äù

I said: ‚ÄúI know, they came out of the closet this morning.‚Äù",Dadsaysjokes
111,,Thu Feb 07 16:30:15 +0000 2019,[],en,"<a href=""http://twitter.com/download/iphone"" rel=""nofollow"">Twitter for iPhone</a>","I just spotted an albino Dalmatian.

It was the least I could do.",Dadsaysjokes
112,,Thu Feb 07 16:28:58 +0000 2019,[],en,"<a href=""http://twitter.com/download/iphone"" rel=""nofollow"">Twitter for iPhone</a>","Why do mountains make the best jokes?

Because they‚Äôre hill areas.",Dadsaysjokes
113,,Thu Feb 07 16:27:55 +0000 2019,[],en,"<a href=""http://twitter.com/download/iphone"" rel=""nofollow"">Twitter for iPhone</a>","My friend is obsessed with taking blurry pictures of himself while taking a shower.

He has serious selfie steam issues.",Dadsaysjokes
114,,Wed Feb 06 16:23:21 +0000 2019,[],en,"<a href=""http://twitter.com/download/iphone"" rel=""nofollow"">Twitter for iPhone</a>","Remember when plastic surgery was a taboo subject?

Now you mention Botox and nobody raises an eyebrow.",Dadsaysjokes
115,,Wed Feb 06 16:18:40 +0000 2019,[],en,"<a href=""http://twitter.com/download/iphone"" rel=""nofollow"">Twitter for iPhone</a>","The internet connection at my farm is really sketchy, so I moved the modem to the barn.

Now I have stable WiFi.",Dadsaysjokes
116,,Wed Feb 06 12:26:06 +0000 2019,[],en,"<a href=""http://twitter.com/download/iphone"" rel=""nofollow"">Twitter for iPhone</a>","My wife told me to stop singing ""I'm A Believer"" or she'd kill me. I thought she was kidding.

Then I saw her face...üò±",Dadsaysjokes
117,,Wed Feb 06 11:50:29 +0000 2019,[],en,"<a href=""http://twitter.com/download/iphone"" rel=""nofollow"">Twitter for iPhone</a>","Mahatma Gandhi walked barefoot most of the time, which produced an impressive set of calluses on his feet. He also‚Ä¶ https://t.co/eRha5PaAGt",Dadsaysjokes
118,,Tue Feb 05 12:25:55 +0000 2019,[],en,"<a href=""http://twitter.com/download/iphone"" rel=""nofollow"">Twitter for iPhone</a>","My friend keeps saying, ‚ÄúCheer up, it could be worse, you could get stuck underground in a hole full of water.‚Äù

I know he means well.",Dadsaysjokes
119,,Mon Feb 04 20:27:18 +0000 2019,[],en,"<a href=""http://twitter.com/download/iphone"" rel=""nofollow"">Twitter for iPhone</a>","What‚Äôs the difference between a well dressed man on a unicycle, and a poorly dressed man on a bicycle?

Attire.",Dadsaysjokes
120,,Mon Feb 04 20:24:50 +0000 2019,[],en,"<a href=""http://twitter.com/download/iphone"" rel=""nofollow"">Twitter for iPhone</a>","What‚Äôs blue and smells like red paint?

Blue paint.",Dadsaysjokes
121,,Wed Feb 06 11:57:42 +0000 2019,[],en,"<a href=""http://twitter.com"" rel=""nofollow"">Twitter Web Client</a>","""How do I look?"" 

Friend - ""You look fine"" 

Good Friend - ""You look really pretty"" 

Best Friend - ""You look horrible""",JokesAndMemes
122,,Wed Feb 13 21:03:46 +0000 2019,"[{'text': 'funny', 'indices': [77, 83]}, {'text': 'Comedy', 'indices': [84, 91]}]",en,"<a href=""https://ifttt.com"" rel=""nofollow"">IFTTT</a>",Not gonna lie he made the Harry Potter tune so wavy  https://t.co/n1e2S6gepm #funny #Comedy,DayliGuyThougts
123,,Wed Feb 13 19:33:45 +0000 2019,"[{'text': 'funny', 'indices': [74, 80]}, {'text': 'Comedy', 'indices': [81, 88]}]",en,"<a href=""https://ifttt.com"" rel=""nofollow"">IFTTT</a>",RT TheComedyHumor: I LAUGHED WAY TOO HARD AT THIS https://t.co/Pu3dSdVW10 #funny #Comedy,DayliGuyThougts
124,,Wed Feb 13 18:33:25 +0000 2019,"[{'text': 'funny', 'indices': [79, 85]}, {'text': 'Comedy', 'indices': [86, 93]}]",en,"<a href=""https://ifttt.com"" rel=""nofollow"">IFTTT</a>",RT TheComedyHumor: When you give someone gum at school https://t.co/ZuCgnp5Cq5 #funny #Comedy,DayliGuyThougts
125,,Wed Feb 13 17:33:30 +0000 2019,"[{'text': 'funny', 'indices': [96, 102]}, {'text': 'Comedy', 'indices': [103, 110]}]",en,"<a href=""https://ifttt.com"" rel=""nofollow"">IFTTT</a>",RT TheComedyHumor: This maybe the cutest dog I've ever seen in my life  https://t.co/RVTw48UJ7K #funny #Comedy,DayliGuyThougts
126,,Wed Feb 13 16:33:40 +0000 2019,"[{'text': 'funny', 'indices': [110, 116]}, {'text': 'Comedy', 'indices': [117, 124]}]",en,"<a href=""https://ifttt.com"" rel=""nofollow"">IFTTT</a>",she literally caught the sky change colors and it's the most beautiful thing ever ‚òÅÔ∏èüòç https://t.co/u9CQYYvBgu #funny #Comedy,DayliGuyThougts
127,,Wed Feb 13 15:33:07 +0000 2019,"[{'text': 'funny', 'indices': [75, 81]}, {'text': 'Comedy', 'indices': [82, 89]}]",en,"<a href=""https://ifttt.com"" rel=""nofollow"">IFTTT</a>","serial killer: make one move and i'll kill you
me: https://t.co/yn1mW4WSVp #funny #Comedy",DayliGuyThougts
128,,Wed Feb 13 14:38:40 +0000 2019,"[{'text': 'funny', 'indices': [37, 43]}, {'text': 'Comedy', 'indices': [44, 51]}]",en,"<a href=""https://ifttt.com"" rel=""nofollow"">IFTTT</a>",IM CRYING üòÇüòÇ https://t.co/jPCYkwqayw #funny #Comedy,DayliGuyThougts
129,,Tue Feb 12 17:33:28 +0000 2019,"[{'text': 'funny', 'indices': [55, 61]}, {'text': 'Comedy', 'indices': [62, 69]}]",en,"<a href=""https://ifttt.com"" rel=""nofollow"">IFTTT</a>",I LAUGHED WAY TOO HARD AT THIS https://t.co/Pu3dSdVW10 #funny #Comedy,DayliGuyThougts
130,,Tue Feb 12 16:33:32 +0000 2019,"[{'text': 'funny', 'indices': [30, 36]}, {'text': 'Comedy', 'indices': [37, 44]}]",en,"<a href=""https://ifttt.com"" rel=""nofollow"">IFTTT</a>",GOAT  https://t.co/YH4pHq6c7f #funny #Comedy,DayliGuyThougts
131,,Tue Feb 12 15:34:05 +0000 2019,"[{'text': 'funny', 'indices': [77, 83]}, {'text': 'Comedy', 'indices': [84, 91]}]",en,"<a href=""https://ifttt.com"" rel=""nofollow"">IFTTT</a>",This maybe the cutest dog I've ever seen in my life  https://t.co/RVTw48UJ7K #funny #Comedy,DayliGuyThougts
132,,Mon Feb 11 19:25:18 +0000 2019,"[{'text': 'funny', 'indices': [49, 55]}, {'text': 'Comedy', 'indices': [56, 63]}]",en,"<a href=""https://ifttt.com"" rel=""nofollow"">IFTTT</a>","Did you sleep well?

Me: https://t.co/dIQ8qwPvc8 #funny #Comedy",DayliGuyThougts
133,,Mon Feb 11 17:32:59 +0000 2019,"[{'text': 'funny', 'indices': [60, 66]}, {'text': 'Comedy', 'indices': [67, 74]}]",en,"<a href=""https://ifttt.com"" rel=""nofollow"">IFTTT</a>",When you give someone gum at school https://t.co/ZuCgnp5Cq5 #funny #Comedy,DayliGuyThougts
134,,Mon Feb 11 16:11:47 +0000 2019,"[{'text': 'funny', 'indices': [82, 88]}, {'text': 'Comedy', 'indices': [89, 96]}]",en,"<a href=""https://ifttt.com"" rel=""nofollow"">IFTTT</a>",This kid been waiting for this moment his whole life üòÇüòÇ   https://t.co/8HAmvn66di #funny #Comedy,DayliGuyThougts
135,,Mon Feb 11 03:25:29 +0000 2019,"[{'text': 'funny', 'indices': [72, 78]}, {'text': 'Comedy', 'indices': [79, 86]}]",en,"<a href=""https://ifttt.com"" rel=""nofollow"">IFTTT</a>",He really sent his friend to the wrong house üòÇüòÇ https://t.co/f0NbN2M0Wc #funny #Comedy,DayliGuyThougts
136,,Mon Feb 11 01:55:17 +0000 2019,"[{'text': 'funny', 'indices': [69, 75]}, {'text': 'Comedy', 'indices': [76, 83]}]",en,"<a href=""https://ifttt.com"" rel=""nofollow"">IFTTT</a>",When your little sister runs her smart mouth https://t.co/pPi4M3wUJx #funny #Comedy,DayliGuyThougts
137,,Sun Feb 10 23:06:05 +0000 2019,"[{'text': 'funny', 'indices': [105, 111]}, {'text': 'Comedy', 'indices': [112, 119]}]",en,"<a href=""https://ifttt.com"" rel=""nofollow"">IFTTT</a>",RT TheComedyHumor: When your girl wants to play fight and you're not in the mood https://t.co/76HSpUtrrd #funny #Comedy,DayliGuyThougts
138,,Sun Feb 10 22:00:50 +0000 2019,"[{'text': 'funny', 'indices': [49, 55]}, {'text': 'Comedy', 'indices': [56, 63]}]",en,"<a href=""https://ifttt.com"" rel=""nofollow"">IFTTT</a>",Wait for a surprise üòÇüòÇ   https://t.co/ifftSSFLD2 #funny #Comedy,DayliGuyThougts
139,,Sun Feb 10 19:20:36 +0000 2019,"[{'text': 'funny', 'indices': [106, 112]}, {'text': 'Comedy', 'indices': [113, 120]}]",en,"<a href=""https://ifttt.com"" rel=""nofollow"">IFTTT</a>",RT TheComedyHumor: This guy‚Äôs homemade olympics might be the greatest thing ever. https://t.co/hvl8JrSdSD #funny #Comedy,DayliGuyThougts
140,,Sun Feb 10 18:55:13 +0000 2019,"[{'text': 'funny', 'indices': [99, 105]}, {'text': 'Comedy', 'indices': [106, 113]}]",en,"<a href=""https://ifttt.com"" rel=""nofollow"">IFTTT</a>","RT BR3NZ1: LISTEN, if this isn‚Äôt on your playlist. Then I don‚Äôt know ü§∑üèΩ‚Äç‚ôÇÔ∏è https://t.co/ReU6XXdH7c #funny #Comedy",DayliGuyThougts
141,,Sun Feb 10 17:30:41 +0000 2019,"[{'text': 'funny', 'indices': [80, 86]}, {'text': 'Comedy', 'indices': [87, 94]}]",en,"<a href=""https://ifttt.com"" rel=""nofollow"">IFTTT</a>",So nobody saw that girl appear out of thin air????????  https://t.co/uDGYZKoCrg #funny #Comedy,DayliGuyThougts
142,,Sun Feb 10 16:10:09 +0000 2019,"[{'text': 'funny', 'indices': [33, 39]}, {'text': 'Comedy', 'indices': [40, 47]}]",en,"<a href=""https://ifttt.com"" rel=""nofollow"">IFTTT</a>",Fetch üòÇ  https://t.co/bn7aLbOLwg #funny #Comedy,DayliGuyThougts
143,,Sun Feb 10 03:25:31 +0000 2019,"[{'text': 'funny', 'indices': [55, 61]}, {'text': 'Comedy', 'indices': [62, 69]}]",en,"<a href=""https://ifttt.com"" rel=""nofollow"">IFTTT</a>",WHAT is going on here exactly  https://t.co/BTVVoZoz9W #funny #Comedy,DayliGuyThougts
144,,Sun Feb 10 01:55:28 +0000 2019,"[{'text': 'funny', 'indices': [58, 64]}, {'text': 'Comedy', 'indices': [65, 72]}]",en,"<a href=""https://ifttt.com"" rel=""nofollow"">IFTTT</a>","""Dont fucking vape on the pizza""  https://t.co/iKvTI7D5g8 #funny #Comedy",DayliGuyThougts
145,,Sat Feb 09 21:30:52 +0000 2019,"[{'text': 'funny', 'indices': [113, 119]}, {'text': 'Comedy', 'indices': [120, 127]}]",en,"<a href=""https://ifttt.com"" rel=""nofollow"">IFTTT</a>",RT TheComedyHumor: she dropped her phone in the ocean and a dolphin got it back to her üò≠üò≠https://t.co/R8tLxnmNXK #funny #Comedy,DayliGuyThougts
146,,Sat Feb 09 20:00:38 +0000 2019,"[{'text': 'funny', 'indices': [69, 75]}, {'text': 'Comedy', 'indices': [76, 83]}]",en,"<a href=""https://ifttt.com"" rel=""nofollow"">IFTTT</a>",When you're drunk AF and your song comes on  https://t.co/SRNeJgp6V8 #funny #Comedy,DayliGuyThougts
147,,Sat Feb 09 18:45:28 +0000 2019,"[{'text': 'funny', 'indices': [87, 93]}, {'text': 'Comedy', 'indices': [94, 101]}]",en,"<a href=""https://ifttt.com"" rel=""nofollow"">IFTTT</a>",This guy‚Äôs homemade olympics might be the greatest thing ever. https://t.co/hvl8JrSdSD #funny #Comedy,DayliGuyThougts
148,,Sat Feb 09 17:30:38 +0000 2019,"[{'text': 'funny', 'indices': [58, 64]}, {'text': 'Comedy', 'indices': [65, 72]}]",en,"<a href=""https://ifttt.com"" rel=""nofollow"">IFTTT</a>",they‚Äôre having a hard day at work https://t.co/IPnIgHELBf #funny #Comedy,DayliGuyThougts
149,,Sat Feb 09 16:10:15 +0000 2019,"[{'text': 'funny', 'indices': [86, 92]}, {'text': 'Comedy', 'indices': [93, 100]}]",en,"<a href=""https://ifttt.com"" rel=""nofollow"">IFTTT</a>",When your girl wants to play fight and you're not in the mood https://t.co/76HSpUtrrd #funny #Comedy,DayliGuyThougts
150,,Sat Feb 09 14:10:12 +0000 2019,"[{'text': 'funny', 'indices': [105, 111]}, {'text': 'Comedy', 'indices': [112, 119]}]",en,"<a href=""https://ifttt.com"" rel=""nofollow"">IFTTT</a>",If you can‚Äôt pour a glass of soda then just become a fucking electrical engineer https://t.co/d79MIvAsOq #funny #Comedy,DayliGuyThougts
151,,Fri Feb 08 02:33:23 +0000 2019,"[{'text': 'funny', 'indices': [110, 116]}, {'text': 'Comedy', 'indices': [117, 124]}]",en,"<a href=""https://ifttt.com"" rel=""nofollow"">IFTTT</a>","Me at 8pm: Ima go to sleep early today to fix my trash ass sleep schedule
Me at 2am:  https://t.co/RBJPax7jHJ #funny #Comedy",DayliGuyThougts
152,,Thu Feb 07 22:03:03 +0000 2019,"[{'text': 'funny', 'indices': [78, 84]}, {'text': 'Comedy', 'indices': [85, 92]}]",en,"<a href=""https://ifttt.com"" rel=""nofollow"">IFTTT</a>",Whoever threw that last bag was trying to kill her üòÇ  https://t.co/OtG6iHNlH8 #funny #Comedy,DayliGuyThougts
153,,Thu Feb 07 20:23:21 +0000 2019,"[{'text': 'funny', 'indices': [90, 96]}, {'text': 'Comedy', 'indices': [97, 104]}]",en,"<a href=""https://ifttt.com"" rel=""nofollow"">IFTTT</a>",RT TheComedyHumor: Here's a dog realizing you can stand in a pool https://t.co/R96NSoCMvE #funny #Comedy,DayliGuyThougts
154,,Thu Feb 07 19:27:14 +0000 2019,"[{'text': 'funny', 'indices': [82, 88]}, {'text': 'Comedy', 'indices': [89, 96]}]",en,"<a href=""https://ifttt.com"" rel=""nofollow"">IFTTT</a>","RT TheComedyHumor: Me: ""stop jumping to conclusions""
Her: https://t.co/KAmmkvq31u #funny #Comedy",DayliGuyThougts
155,,Thu Feb 07 18:17:31 +0000 2019,"[{'text': 'funny', 'indices': [82, 88]}, {'text': 'Comedy', 'indices': [89, 96]}]",en,"<a href=""https://ifttt.com"" rel=""nofollow"">IFTTT</a>",This kid been waiting for this moment his whole life üòÇüòÇ   https://t.co/8HAmvn66di #funny #Comedy,DayliGuyThougts
156,,Thu Feb 07 16:32:51 +0000 2019,"[{'text': 'funny', 'indices': [60, 66]}, {'text': 'Comedy', 'indices': [67, 74]}]",en,"<a href=""https://ifttt.com"" rel=""nofollow"">IFTTT</a>",His face at the end Got me dead üòÇüíÄüíÄ https://t.co/HDL1oHR4bF #funny #Comedy,DayliGuyThougts
157,,Thu Feb 07 15:32:46 +0000 2019,"[{'text': 'funny', 'indices': [67, 73]}, {'text': 'Comedy', 'indices': [74, 81]}]",en,"<a href=""https://ifttt.com"" rel=""nofollow"">IFTTT</a>",When you high af and police are everywhere https://t.co/zhiHMx53Fn #funny #Comedy,DayliGuyThougts
158,,Thu Feb 07 04:27:06 +0000 2019,"[{'text': 'funny', 'indices': [47, 53]}, {'text': 'Comedy', 'indices': [54, 61]}]",en,"<a href=""https://ifttt.com"" rel=""nofollow"">IFTTT</a>",What are thoseeeee üòÇüòÇüòÇ https://t.co/N7wpamyP5Z #funny #Comedy,DayliGuyThougts
159,,Thu Feb 07 02:32:28 +0000 2019,"[{'text': 'funny', 'indices': [80, 86]}, {'text': 'Comedy', 'indices': [87, 94]}]",en,"<a href=""https://ifttt.com"" rel=""nofollow"">IFTTT</a>",So nobody saw that girl appear out of thin air????????  https://t.co/uDGYZKoCrg #funny #Comedy,DayliGuyThougts
160,,Thu Feb 07 01:22:23 +0000 2019,"[{'text': 'funny', 'indices': [53, 59]}, {'text': 'Comedy', 'indices': [60, 67]}]",en,"<a href=""https://ifttt.com"" rel=""nofollow"">IFTTT</a>",How're penguins not extinct? https://t.co/zBO8L5vByY #funny #Comedy,DayliGuyThougts
161,,Wed Feb 06 13:32:07 +0000 2019,"[{'text': 'funny', 'indices': [121, 127]}, {'text': 'comedy', 'indices': [128, 135]}]",en,"<a href=""https://ifttt.com"" rel=""nofollow"">IFTTT</a>","""How do I look?"" 

Friend - ""You look fine"" 

Good Friend - ""You look really pretty"" 

Best Friend - ""You look horrible"" #funny #comedy",DayliGuyThougts
162,,Wed Feb 06 01:12:06 +0000 2019,"[{'text': 'funny', 'indices': [72, 78]}, {'text': 'Comedy', 'indices': [79, 86]}]",en,"<a href=""https://ifttt.com"" rel=""nofollow"">IFTTT</a>",This is the best feeling to have with a friend  https://t.co/LIlvLGlzjs #funny #Comedy,DayliGuyThougts
163,,Tue Feb 05 18:37:13 +0000 2019,"[{'text': 'funny', 'indices': [77, 83]}, {'text': 'Comedy', 'indices': [84, 91]}]",en,"<a href=""https://ifttt.com"" rel=""nofollow"">IFTTT</a>","RT TheComedyHumor: Alright son, smile for the camera https://t.co/ATgprjeXov #funny #Comedy",DayliGuyThougts
164,,Tue Feb 05 17:33:12 +0000 2019,"[{'text': 'funny', 'indices': [75, 81]}, {'text': 'Comedy', 'indices': [82, 89]}]",en,"<a href=""https://ifttt.com"" rel=""nofollow"">IFTTT</a>",this is why Michelle Obama will never be forgotten https://t.co/YjZEYs0sZj #funny #Comedy,DayliGuyThougts
165,,Tue Feb 05 14:08:06 +0000 2019,"[{'text': 'funny', 'indices': [40, 46]}, {'text': 'Comedy', 'indices': [47, 54]}]",en,"<a href=""https://ifttt.com"" rel=""nofollow"">IFTTT</a>",What a good boy https://t.co/q05MJsBhEC #funny #Comedy,DayliGuyThougts
166,,Mon Feb 04 23:32:07 +0000 2019,"[{'text': 'funny', 'indices': [69, 75]}, {'text': 'Comedy', 'indices': [76, 83]}]",en,"<a href=""https://ifttt.com"" rel=""nofollow"">IFTTT</a>",I wish I was as happy as this guy in traffic https://t.co/XFQCRlcyA9 #funny #Comedy,DayliGuyThougts
167,,Mon Feb 04 22:02:44 +0000 2019,"[{'text': 'funny', 'indices': [79, 85]}, {'text': 'Comedy', 'indices': [86, 93]}]",en,"<a href=""https://ifttt.com"" rel=""nofollow"">IFTTT</a>",When you close your eyes in bed after 15 tequila shots https://t.co/zjg1v3A2q2 #funny #Comedy,DayliGuyThougts
168,,Mon Feb 04 20:32:50 +0000 2019,"[{'text': 'funny', 'indices': [59, 65]}, {'text': 'Comedy', 'indices': [66, 73]}]",en,"<a href=""https://ifttt.com"" rel=""nofollow"">IFTTT</a>",RT TheComedyHumor: Me as a father  https://t.co/g7YUVjzjPa #funny #Comedy,DayliGuyThougts
169,,Mon Feb 04 19:32:16 +0000 2019,"[{'text': 'funny', 'indices': [99, 105]}, {'text': 'Comedy', 'indices': [106, 113]}]",en,"<a href=""https://ifttt.com"" rel=""nofollow"">IFTTT</a>","RT BR3NZ1: LISTEN, if this isn‚Äôt on your playlist. Then I don‚Äôt know ü§∑üèΩ‚Äç‚ôÇÔ∏è https://t.co/ReU6XXdH7c #funny #Comedy",DayliGuyThougts
170,,Mon Feb 04 18:32:28 +0000 2019,"[{'text': 'funny', 'indices': [90, 96]}, {'text': 'Comedy', 'indices': [97, 104]}]",en,"<a href=""https://ifttt.com"" rel=""nofollow"">IFTTT</a>",RT TheComedyHumor: Here's a dog realizing you can stand in a pool https://t.co/R96NSoCMvE #funny #Comedy,DayliGuyThougts
171,,Mon Feb 04 17:32:57 +0000 2019,"[{'text': 'funny', 'indices': [57, 63]}, {'text': 'Comedy', 'indices': [64, 71]}]",en,"<a href=""https://ifttt.com"" rel=""nofollow"">IFTTT</a>",When you know you‚Äôve met the one https://t.co/9BhyYVWiuD #funny #Comedy,DayliGuyThougts
172,,Tue Feb 12 15:25:50 +0000 2019,[],en,"<a href=""http://twitter.com"" rel=""nofollow"">Twitter Web Client</a>","RT @somaddysmith: my favorite sex position is the one where i kneel in front of him, open my mouth, and he feeds me Olive Garden breadsticks",Funnyoneliners
173,,Tue Feb 12 15:24:28 +0000 2019,[],en,"<a href=""http://twitter.com"" rel=""nofollow"">Twitter Web Client</a>",RT @realHamOnWry: There is no piece of clothing harder to remove than a sock during sex.,Funnyoneliners
174,,Fri Feb 08 18:02:32 +0000 2019,[],en,"<a href=""http://twitter.com"" rel=""nofollow"">Twitter Web Client</a>","RT @Playing_Dad: Boss: An urgent problem came up that needs to be solved before lunch.

Me: (Still putting jacket on) Good luck with the pr‚Ä¶",Funnyoneliners
175,,Thu Feb 07 15:29:34 +0000 2019,[],en,"<a href=""http://twitter.com"" rel=""nofollow"">Twitter Web Client</a>","RT @realHamOnWry: I, for the life of me, still can‚Äôt figure out how T-Rex wiped his ass.",Funnyoneliners
176,,Thu Feb 07 15:29:15 +0000 2019,[],en,"<a href=""http://twitter.com"" rel=""nofollow"">Twitter Web Client</a>",RT @RiaWojo: The only time I'd get FOMO from Instagram is if everyone was posting pictures of my bed.,Funnyoneliners
177,,Thu Feb 07 15:28:47 +0000 2019,[],en,"<a href=""http://twitter.com"" rel=""nofollow"">Twitter Web Client</a>","RT @jenlapcomedy: The Oscars need a ""Best Performance by a Person Who Stalked Their Date Online but Acts Like They Know Nothing"" category.",Funnyoneliners
178,,Mon Feb 04 20:56:13 +0000 2019,[],en,"<a href=""http://twitter.com"" rel=""nofollow"">Twitter Web Client</a>",RT @Tmoney68: I can't understand a damn word this accent pillow is saying.,Funnyoneliners
179,,Mon Feb 04 18:18:05 +0000 2019,[],en,"<a href=""http://twitter.com"" rel=""nofollow"">Twitter Web Client</a>","RT @KentWGraham: Every morning when I open the front door to leave for work, I tell my dog to stay, and every time I wish it were the other‚Ä¶",Funnyoneliners
180,,Mon Feb 04 18:17:46 +0000 2019,[],en,"<a href=""http://twitter.com"" rel=""nofollow"">Twitter Web Client</a>","RT @Hunter_Downs: I had a swear jar,but I fucking broke it.",Funnyoneliners
181,,Wed Feb 13 22:01:55 +0000 2019,[],en,"<a href=""http://twitter.com"" rel=""nofollow"">Twitter Web Client</a>","Frozen 2 - in which Elsa ""Queen of the Curl"" duck-dives for the epic wave like a total aggro",ApocalypseHow
182,,Wed Feb 13 21:13:11 +0000 2019,[],en,"<a href=""http://twitter.com"" rel=""nofollow"">Twitter Web Client</a>","@marcps Hey Marc, I'm a TV comedy writer (CONAN, The Daily Show) who just produced a comedy-music film with some gr‚Ä¶ https://t.co/9SFxmDWt7B",ApocalypseHow
183,,Wed Feb 13 18:18:07 +0000 2019,[],en,"<a href=""http://twitter.com"" rel=""nofollow"">Twitter Web Client</a>","Come meet me, get a signed copy of SHRINKAGE, all day THIS SUNDAY (2/17) at the Long Beach Comic Expo! Table D3. BE‚Ä¶ https://t.co/QZ8CY6rGZm",ApocalypseHow
184,,Wed Feb 13 00:31:43 +0000 2019,[],en,"<a href=""https://mobile.twitter.com"" rel=""nofollow"">Twitter Web App</a>",How to Train Your Dragon to Make Lattes Because His Dragon University Degree is Worthless,ApocalypseHow
185,,Tue Feb 12 18:57:09 +0000 2019,[],en,"<a href=""http://twitter.com"" rel=""nofollow"">Twitter Web Client</a>",Sportscaster Bob Costas claims that talking about concussions got him pulled off of NBC‚Äôs football coverage. Specif‚Ä¶ https://t.co/3EnVUyXd3n,ApocalypseHow
186,,Sun Feb 10 23:01:50 +0000 2019,[],en,"<a href=""https://mobile.twitter.com"" rel=""nofollow"">Twitter Web App</a>",@TheWeeklyWiner @HelloCullen @FrankConniff @BTuckertime @sethmeyers @rickoverton @sadmonsters @AndyKindler‚Ä¶ https://t.co/TS6yHK4CTR,ApocalypseHow
187,,Sun Feb 10 22:24:46 +0000 2019,[],en,"<a href=""https://mobile.twitter.com"" rel=""nofollow"">Twitter Web App</a>","@jeanneykutner Don‚Äôt worry, it‚Äôs a Harry Potter thing.",ApocalypseHow
188,,Sun Feb 10 21:13:52 +0000 2019,[],en,"<a href=""https://mobile.twitter.com"" rel=""nofollow"">Twitter Web App</a>","FINALLY, a movie that merges my loves of Tracy Morgan and Occlumency https://t.co/Amu4uNETIX",ApocalypseHow
189,,Fri Feb 08 22:57:00 +0000 2019,[],en,"<a href=""https://mobile.twitter.com"" rel=""nofollow"">Twitter Web App</a>",OMG don‚Äôt tell me she has blackface photos too... https://t.co/qym5aTmaGa,ApocalypseHow
190,,Fri Feb 08 18:52:06 +0000 2019,[],en,"<a href=""http://twitter.com"" rel=""nofollow"">Twitter Web Client</a>","RT @MADmagazine: ‚ÄúAlexa, destroy all my dick pics.‚Äù",ApocalypseHow
191,,Thu Feb 07 20:37:16 +0000 2019,"[{'text': 'GreenNewDeal', 'indices': [4, 17]}]",en,"<a href=""http://twitter.com"" rel=""nofollow"">Twitter Web Client</a>",The #GreenNewDeal reduces global warming by having @AOC throw twice as much shade per day.,ApocalypseHow
192,,Thu Feb 07 16:51:06 +0000 2019,[],en,"<a href=""https://mobile.twitter.com"" rel=""nofollow"">Twitter Web App</a>","@feliciaday You are a serial killer, aren‚Äôt you,",ApocalypseHow
193,,Thu Feb 07 16:36:39 +0000 2019,"[{'text': 'PassTheMimosasJesus', 'indices': [60, 80]}]",en,"<a href=""https://mobile.twitter.com"" rel=""nofollow"">Twitter Web App</a>",I would be way more excited about a National Prayer Brunch. #PassTheMimosasJesus,ApocalypseHow
194,,Thu Feb 07 16:25:00 +0000 2019,[],en,"<a href=""http://twitter.com"" rel=""nofollow"">Twitter Web Client</a>","""Remembrance of Things Past,"" 2019 edition https://t.co/jorvnDVlPO",ApocalypseHow
195,,Wed Feb 06 23:03:19 +0000 2019,[],en,"<a href=""http://twitter.com"" rel=""nofollow"">Twitter Web Client</a>",BREAKING: Third white male Virginia official caught in embarrassing med school photo: https://t.co/CkjsR94XJy,ApocalypseHow
196,,Wed Feb 06 16:55:54 +0000 2019,[],en,"<a href=""http://twitter.com"" rel=""nofollow"">Twitter Web Client</a>","ELEVATOR PITCH: ""It's Spotify - but for mayonnaise!""",ApocalypseHow
197,,Tue Feb 05 18:49:27 +0000 2019,[],en,"<a href=""https://mobile.twitter.com"" rel=""nofollow"">Twitter Web App</a>",RT @MADmagazine: This week is @facebook's 15th birthday. But what do you get someone who has everything on you?,ApocalypseHow
198,,Tue Feb 05 06:11:55 +0000 2019,[],en,"<a href=""https://mobile.twitter.com"" rel=""nofollow"">Twitter Web App</a>","@jessiestwats [BEEP] ‚ÄúSorry, can you hold, Mr. Ellis? Liam Neeson‚Äôs on line 2.‚Äù",ApocalypseHow
199,,Mon Feb 04 20:20:58 +0000 2019,[],en,"<a href=""https://mobile.twitter.com"" rel=""nofollow"">Twitter Web App</a>",TRUMP SCHEDULE SHOCKER: He spends 40% of his time NOT watching TV.,ApocalypseHow
200,,Mon Feb 04 19:01:49 +0000 2019,[],en,"<a href=""https://mobile.twitter.com"" rel=""nofollow"">Twitter Web App</a>","Still freaked out by that Super Bowl ad for the new ‚ÄúTwilight Zone‚Äù that contained a tattooed singer, marching band‚Ä¶ https://t.co/MILdn5Qzyk",ApocalypseHow
201,,Wed Feb 13 21:13:56 +0000 2019,[],en,"<a href=""http://www.echofon.com/"" rel=""nofollow"">Echofon</a>",HEY LA - I‚ÄôM PLAYING WITH SHULI https://t.co/KKfA7qqNJB,EliBraden
202,,Tue Feb 12 22:41:15 +0000 2019,[],en,"<a href=""http://www.echofon.com/"" rel=""nofollow"">Echofon</a>",@shannonlovestv Yeah I‚Äôll probably be dead soon too!,EliBraden
203,,Mon Feb 11 05:41:09 +0000 2019,[],en,"<a href=""http://www.echofon.com/"" rel=""nofollow"">Echofon</a>",@Lisser2 Thanks! üôè‚ô•Ô∏è,EliBraden
204,,Mon Feb 11 03:55:45 +0000 2019,[],en,"<a href=""http://twitter.com"" rel=""nofollow"">Twitter Web Client</a>",@AlecisLivingood I legit love Posty and RHCP. I gotta give the Twitterverse what it want tho.,EliBraden
205,,Mon Feb 11 03:46:02 +0000 2019,[],en,"<a href=""http://www.echofon.com/"" rel=""nofollow"">Echofon</a>",EVERYONE: Adam Levine parading around shirtless at the Super Bowl was the douchiest musical performance I‚Äôve ever s‚Ä¶ https://t.co/5E4O4SvAvB,EliBraden
206,,Sun Feb 10 23:37:15 +0000 2019,[],en,"<a href=""http://www.echofon.com/"" rel=""nofollow"">Echofon</a>",.@adamlevine please keep your shirt on tonight,EliBraden
207,,Sun Feb 10 00:27:43 +0000 2019,[],en,"<a href=""http://www.echofon.com/"" rel=""nofollow"">Echofon</a>",@darrenelmore Thanks Darren!,EliBraden
208,,Sat Feb 09 00:26:47 +0000 2019,[],en,"<a href=""http://www.echofon.com/"" rel=""nofollow"">Echofon</a>",@LMokaba Thanks so much Lisa!!,EliBraden
209,,Sat Feb 09 00:26:35 +0000 2019,"[{'text': 'AStarIsBorn', 'indices': [90, 102]}, {'text': 'Masterpiece', 'indices': [103, 115]}]",en,"<a href=""http://www.echofon.com/"" rel=""nofollow"">Echofon</a>",RT @DavidGlantz3: Available everywhere on voinyl. @sternshow @EliBraden @JackieTohn @rqui #AStarIsBorn #Masterpiece https://t.co/hsldFOIQBy,EliBraden
210,,Fri Feb 08 19:35:04 +0000 2019,[],en,"<a href=""http://www.echofon.com/"" rel=""nofollow"">Echofon</a>",@Bobapool Thanks so much man!,EliBraden
211,,Fri Feb 08 19:08:04 +0000 2019,[],en,"<a href=""http://www.echofon.com/"" rel=""nofollow"">Echofon</a>",@Ludovicaa Awwww thanks so much!,EliBraden
212,,Fri Feb 08 18:33:31 +0000 2019,[],en,"<a href=""http://www.echofon.com/"" rel=""nofollow"">Echofon</a>",@MaraJohnson_ @DavidGlantz3 Awww thanks so much Mara!,EliBraden
213,,Fri Feb 08 18:33:18 +0000 2019,[],en,"<a href=""http://www.echofon.com/"" rel=""nofollow"">Echofon</a>",@DaveDelGreco Thanks Dave!,EliBraden
214,,Fri Feb 08 18:33:04 +0000 2019,[],en,"<a href=""http://www.echofon.com/"" rel=""nofollow"">Echofon</a>",@diamond_mike23 Thanks so much Mike!,EliBraden
215,,Fri Feb 08 18:32:28 +0000 2019,[],en,"<a href=""http://www.echofon.com/"" rel=""nofollow"">Echofon</a>",@MFBrooklyn Awww thanks so much Mariann xo,EliBraden
216,,Fri Feb 08 17:30:15 +0000 2019,[],en,"<a href=""http://www.echofon.com/"" rel=""nofollow"">Echofon</a>",@DavidGlantz3 @HowardStern @shalomshuli @MFBrooklyn @diamond_mike23 @Misstabstevens @askjillian @bobohstern @JackieTohn Ha ha thanks man!,EliBraden
217,,Fri Feb 08 17:29:47 +0000 2019,[],en,"<a href=""http://www.echofon.com/"" rel=""nofollow"">Echofon</a>",@KevinPlantz Thank you! OMG I look so much less poverty-stricken in that photo!,EliBraden
218,,Fri Feb 08 17:29:24 +0000 2019,[],en,"<a href=""http://www.echofon.com/"" rel=""nofollow"">Echofon</a>",@TheRonSolo Thanks! I hope I don‚Äôt have a... HANGOVER tomorrow! üòÇ,EliBraden
219,,Fri Feb 08 17:28:52 +0000 2019,[],en,"<a href=""http://www.echofon.com/"" rel=""nofollow"">Echofon</a>",@mattkirshen Matt that is the sweetest thing ever!,EliBraden
220,,Fri Feb 08 17:28:17 +0000 2019,[],en,"<a href=""http://www.echofon.com/"" rel=""nofollow"">Echofon</a>",@eufemiariana Let the exodus begin...,EliBraden
221,,Fri Feb 08 17:27:42 +0000 2019,[],en,"<a href=""http://www.echofon.com/"" rel=""nofollow"">Echofon</a>",@OfficialRobbieR That‚Äôs true üò¢,EliBraden
222,,Fri Feb 08 17:27:28 +0000 2019,[],en,"<a href=""http://www.echofon.com/"" rel=""nofollow"">Echofon</a>",@brianakogan KEEP TRYIN!,EliBraden
223,,Fri Feb 08 05:49:57 +0000 2019,[],en,"<a href=""http://www.echofon.com/"" rel=""nofollow"">Echofon</a>",Bye everyone! I‚Äôm moving away from California after seeing that Adam Levine has the name of the state tattooed on his stomach.,EliBraden
224,,Fri Feb 08 01:08:02 +0000 2019,[],en,"<a href=""http://www.echofon.com/"" rel=""nofollow"">Echofon</a>",UHHH WHAT DO YOU EXPECT? YOU LET A BABY DRIVE https://t.co/ZaGrJ4q35b,EliBraden
225,,Fri Feb 08 00:44:25 +0000 2019,[],en,"<a href=""http://twitter.com"" rel=""nofollow"">Twitter Web Client</a>","@RussMcGarry @brendonwalsh @TheComedyStore Here's an ""EDGY"" joke:

Q: Why did Bono cross the road?
A: He was trying‚Ä¶ https://t.co/qHTbzr95Nr",EliBraden
226,,Thu Feb 07 23:35:09 +0000 2019,[],en,"<a href=""http://twitter.com"" rel=""nofollow"">Twitter Web Client</a>",@brendonwalsh @TheComedyStore Why don't you just steal some more of mine?,EliBraden
227,,Thu Feb 07 02:36:18 +0000 2019,[],en,"<a href=""http://twitter.com"" rel=""nofollow"">Twitter Web Client</a>",@clintchilds @Budweiser @budweiserusa @budlight OH @BRENDONWALSH WISHES HE LOOKED THAT GOOD. THE ONLY THING HE HAS‚Ä¶ https://t.co/PRmGU3g7KH,EliBraden
228,,Thu Feb 07 02:35:14 +0000 2019,[],en,"<a href=""http://twitter.com"" rel=""nofollow"">Twitter Web Client</a>",@brendonwalsh @Budweiser @budweiserusa @budlight I AM SO MAD RIGHT NOW I AM GOING TO EXPLODE. YOU STOLE *MY* WORK A‚Ä¶ https://t.co/hCjrAD8fGU,EliBraden
229,,Thu Feb 07 02:28:10 +0000 2019,[],en,"<a href=""http://www.echofon.com/"" rel=""nofollow"">Echofon</a>",Hey @Budweiser @BudweiserUSA @BudLight - This is MY meme that I created and posted BEFORE Brendon Walsh (as a timel‚Ä¶ https://t.co/AJwAbjBfCl,EliBraden
230,,Thu Feb 07 00:52:43 +0000 2019,[],en,"<a href=""http://www.echofon.com/"" rel=""nofollow"">Echofon</a>",My latest meme. Really hoping this is the one that blows my career up! https://t.co/4zE2yK0QB0,EliBraden
231,,Wed Feb 06 18:27:44 +0000 2019,[],en,"<a href=""http://www.echofon.com/"" rel=""nofollow"">Echofon</a>",Virginia is for Blackface Lovers,EliBraden
232,,Wed Feb 06 16:15:02 +0000 2019,[],en,"<a href=""http://www.echofon.com/"" rel=""nofollow"">Echofon</a>",HAPPY BIRTHDAY BOB MARLEY https://t.co/8y9RIBCg4T,EliBraden
233,,Tue Feb 05 15:29:41 +0000 2019,"[{'text': 'LeBlancSuckADick', 'indices': [57, 74]}]",en,"<a href=""http://www.echofon.com/"" rel=""nofollow"">Echofon</a>","@Adam_Cozens Doesn‚Äôt everything?

...Also more kneelin‚Äô! #LeBlancSuckADick",EliBraden
234,,Tue Feb 05 07:59:43 +0000 2019,[],en,"<a href=""http://www.echofon.com/"" rel=""nofollow"">Echofon</a>","Run, Forest! Run! https://t.co/xw91TTPG2l",EliBraden
235,,Tue Feb 05 07:30:10 +0000 2019,"[{'text': 'AdamLevineTopless', 'indices': [47, 65]}]",en,"<a href=""http://www.echofon.com/"" rel=""nofollow"">Echofon</a>",@hurricanenita I have no doubt you are correct #AdamLevineTopless,EliBraden
236,,Tue Feb 05 07:29:29 +0000 2019,[],en,"<a href=""http://www.echofon.com/"" rel=""nofollow"">Echofon</a>",@Adam_Cozens Solid network laffer. It‚Äôs no ‚ÄúEpisodes‚Äù but gotta love LeBlanc!,EliBraden
237,,Tue Feb 05 05:16:42 +0000 2019,[],en,"<a href=""http://twitter.com"" rel=""nofollow"">Twitter Web Client</a>",Fuck! The Super Bowl was LAST night?! I've been watching CBS the past 3 hours for nothing!,EliBraden
238,,Wed Feb 13 21:21:44 +0000 2019,[],en,"<a href=""http://twitter.com/download/android"" rel=""nofollow"">Twitter for Android</a>",I know this is super last minute but where can I get his and her monogrammed durags?,PaulyPeligroso
239,,Wed Feb 13 21:21:44 +0000 2019,[],en,"<a href=""http://twitter.com/download/android"" rel=""nofollow"">Twitter for Android</a>",I know this is super last minute but where can I get his and her monogrammed durags?,PaulyPeligroso
240,,Wed Feb 13 19:49:21 +0000 2019,[],en,"<a href=""http://twitter.com/download/android"" rel=""nofollow"">Twitter for Android</a>",Heres the thing... *chugs chicken broth straight from the carton*,PaulyPeligroso
241,,Wed Feb 13 19:45:29 +0000 2019,[],en,"<a href=""http://twitter.com/download/android"" rel=""nofollow"">Twitter for Android</a>",@feraljokes I have half of a 5 hour energy,PaulyPeligroso
242,,Wed Feb 13 19:45:14 +0000 2019,[],en,"<a href=""http://twitter.com/download/android"" rel=""nofollow"">Twitter for Android</a>",RT @feraljokes: TUCSON tonight at borderlands brewing. I am going to be so tired!!!!,PaulyPeligroso
243,,Wed Feb 13 17:53:10 +0000 2019,"[{'text': 'Tucson', 'indices': [16, 23]}]",en,"<a href=""http://twitter.com/download/android"" rel=""nofollow"">Twitter for Android</a>","RT @MattZiemak: #Tucson tonight!

@borderlandsbrew (119 E Toole)
8 pm

ONLY $5 to see

@PaulyPeligroso 

@feraljokes 

@MishkaShubaly 

it'‚Ä¶",PaulyPeligroso
244,,Wed Feb 13 04:39:24 +0000 2019,[],en,"<a href=""http://twitter.com/download/android"" rel=""nofollow"">Twitter for Android</a>","I love living that sober* life

*doing drugs that cancel each other out",PaulyPeligroso
245,,Wed Feb 13 04:36:02 +0000 2019,[],en,"<a href=""http://twitter.com/download/android"" rel=""nofollow"">Twitter for Android</a>",@briangaar Keep chasing that dragon,PaulyPeligroso
246,,Wed Feb 13 02:52:12 +0000 2019,[],en,"<a href=""http://twitter.com/download/android"" rel=""nofollow"">Twitter for Android</a>",I hate seeing the same tired tropes on television like people talking on phones,PaulyPeligroso
247,,Wed Feb 13 01:43:36 +0000 2019,"[{'text': 'TUCSON', 'indices': [0, 7]}]",en,"<a href=""http://twitter.com/download/android"" rel=""nofollow"">Twitter for Android</a>","#TUCSON

Tomorrow night

https://t.co/uzlALvqLqR",PaulyPeligroso
248,,Wed Feb 13 01:42:55 +0000 2019,"[{'text': 'Tucson', 'indices': [16, 23]}]",en,"<a href=""http://twitter.com/download/android"" rel=""nofollow"">Twitter for Android</a>",RT @MattZiemak: #Tucson ONE WEEK (WEDNESDAY 2/13) till @borderlandsbrew and Brew haha comedy Showcase brings you @MishkaShubaly and Jake Fl‚Ä¶,PaulyPeligroso
249,,Wed Feb 13 01:28:58 +0000 2019,[],en,"<a href=""http://twitter.com/download/android"" rel=""nofollow"">Twitter for Android</a>","My doctor called my ribs ""titty bones.""",PaulyPeligroso
250,,Wed Feb 13 01:25:54 +0000 2019,[],en,"<a href=""http://twitter.com/download/android"" rel=""nofollow"">Twitter for Android</a>",RT @coochiecrumbs: ITS TAX SEASON BABYY https://t.co/YCwLVWhRgL,PaulyPeligroso
251,,Wed Feb 13 01:08:55 +0000 2019,[],en,"<a href=""http://twitter.com/download/android"" rel=""nofollow"">Twitter for Android</a>","I did the ""These edibles ain't shit"" meme in real life and had a mini existential panic attack watching StoryBots",PaulyPeligroso
252,,Wed Feb 13 00:23:20 +0000 2019,[],en,"<a href=""http://twitter.com/download/android"" rel=""nofollow"">Twitter for Android</a>",RT @EmmettAdler: when u ask the waiter how big the appetizer is https://t.co/hwTYlKwRO1,PaulyPeligroso
253,,Tue Feb 12 23:45:12 +0000 2019,[],en,"<a href=""http://twitter.com/download/android"" rel=""nofollow"">Twitter for Android</a>",Looks like someone told Ryan that Sheck Wes has been cancelled https://t.co/snFJYH9luH,PaulyPeligroso
254,,Tue Feb 12 20:25:12 +0000 2019,[],en,"<a href=""http://twitter.com/download/android"" rel=""nofollow"">Twitter for Android</a>",@Yassir_Lester They're comfy tho,PaulyPeligroso
255,,Tue Feb 12 16:44:57 +0000 2019,[],en,"<a href=""http://twitter.com/download/android"" rel=""nofollow"">Twitter for Android</a>",Deep vein thrombosis sounds sexier than it should,PaulyPeligroso
256,,Mon Feb 11 20:13:34 +0000 2019,[],en,"<a href=""http://twitter.com/download/android"" rel=""nofollow"">Twitter for Android</a>",A story... https://t.co/HnHuVdhiHt,PaulyPeligroso
257,,Mon Feb 11 19:50:30 +0000 2019,[],en,"<a href=""http://twitter.com/download/android"" rel=""nofollow"">Twitter for Android</a>",@wnleon I live in one of the biggest border cities in America where the biggest crime in the last decade was a mass‚Ä¶ https://t.co/c6lTXzw5hj,PaulyPeligroso
258,,Mon Feb 11 18:53:37 +0000 2019,[],en,"<a href=""http://twitter.com/download/android"" rel=""nofollow"">Twitter for Android</a>","Sorry, I meant that the show is THIS WEDNESDAY at @borderlandsbrew

Tickets are $5

Link: https://t.co/bLA8LZnM39

https://t.co/Z3L6JT9PI7",PaulyPeligroso
259,,Mon Feb 11 15:32:24 +0000 2019,[],en,"<a href=""http://twitter.com/download/android"" rel=""nofollow"">Twitter for Android</a>","Here‚Äôs the tea

                  )
            )         )
  )      (         )       )
_(___(____)____(_____(
\ D‚Ä¶ https://t.co/wgmRBzdlRC",PaulyPeligroso
260,,Mon Feb 11 04:48:46 +0000 2019,[],en,"<a href=""http://twitter.com/download/android"" rel=""nofollow"">Twitter for Android</a>",@kevingchristy I have that shirt https://t.co/YgMl7eZyo1,PaulyPeligroso
261,,Mon Feb 11 02:26:58 +0000 2019,[],en,"<a href=""http://twitter.com/download/android"" rel=""nofollow"">Twitter for Android</a>",My only gripe is that theres nipples now https://t.co/9VkU1r5AQe,PaulyPeligroso
262,,Sun Feb 10 23:28:47 +0000 2019,[],en,"<a href=""http://twitter.com/download/android"" rel=""nofollow"">Twitter for Android</a>",Dip life in ranch,PaulyPeligroso
263,,Sun Feb 10 19:03:10 +0000 2019,[],en,"<a href=""http://twitter.com/download/android"" rel=""nofollow"">Twitter for Android</a>",Got called a racist on social media while getting ready to go to a gem and mineral show. Typical Sunday.,PaulyPeligroso
264,,Sun Feb 10 18:33:41 +0000 2019,[],en,"<a href=""http://twitter.com/download/android"" rel=""nofollow"">Twitter for Android</a>","When the President says ‚ÄúOpen Borders will potentially attract 42 million Latin Americans‚Äù he really means ""We must‚Ä¶ https://t.co/lHwkWpREbj",PaulyPeligroso
265,,Sun Feb 10 18:13:16 +0000 2019,[],en,"<a href=""http://twitter.com/download/android"" rel=""nofollow"">Twitter for Android</a>",RT @ProfessorDoye: We need more Android users in writer's rooms,PaulyPeligroso
266,,Sun Feb 10 00:31:46 +0000 2019,[],en,"<a href=""http://twitter.com/download/android"" rel=""nofollow"">Twitter for Android</a>",Been walking around with these Airpods in so I dont have to talk to people https://t.co/hT6jeY0D3k,PaulyPeligroso
267,,Sat Feb 09 03:56:40 +0000 2019,[],en,"<a href=""http://twitter.com/download/android"" rel=""nofollow"">Twitter for Android</a>","I hate toothpaste that ""gently"" whitens.I wanna whiten hard bitch. I want translucent gums. see my skull through them shits.",PaulyPeligroso
268,,Sat Feb 09 03:48:55 +0000 2019,[],en,"<a href=""http://twitter.com/download/android"" rel=""nofollow"">Twitter for Android</a>",@BuckyIsotope Rearrange goes too,PaulyPeligroso
269,,Fri Feb 08 23:18:54 +0000 2019,"[{'text': 'TUCSON', 'indices': [0, 7]}]",en,"<a href=""http://twitter.com/download/android"" rel=""nofollow"">Twitter for Android</a>","#TUCSON

2/13

@borderlandsbrew and Brew haha comedy Showcase present @MishkaShubaly and Jake Flores (@feraljokes)‚Ä¶ https://t.co/9oBeJfIBZQ",PaulyPeligroso
270,,Fri Feb 08 16:56:03 +0000 2019,[],en,"<a href=""http://twitter.com/download/android"" rel=""nofollow"">Twitter for Android</a>",RT @theanwarnewton: 21 Savage is a Dreamer https://t.co/MeXOUdVZXQ,PaulyPeligroso
271,,Fri Feb 08 01:49:02 +0000 2019,[],en,"<a href=""http://twitter.com/download/android"" rel=""nofollow"">Twitter for Android</a>",BREAKING: Jeff Bezos' dick got a chin dimple too,PaulyPeligroso
272,,Thu Feb 07 20:48:08 +0000 2019,[],en,"<a href=""http://twitter.com/download/android"" rel=""nofollow"">Twitter for Android</a>",Ive never been traded to another team while in the middle of an NBA game but I have been laid off during lunch.,PaulyPeligroso
273,,Thu Feb 07 05:08:25 +0000 2019,[],en,"<a href=""http://twitter.com/download/android"" rel=""nofollow"">Twitter for Android</a>",The only true thing revealed every episode of that Masked Singer show is the budget,PaulyPeligroso
274,,Thu Feb 07 04:53:07 +0000 2019,[],en,"<a href=""http://twitter.com/download/android"" rel=""nofollow"">Twitter for Android</a>","RT @silkyjumbo: when we said more black faces in government, we should have been specific.",PaulyPeligroso
275,,Wed Feb 06 16:29:02 +0000 2019,[],en,"<a href=""http://twitter.com/download/android"" rel=""nofollow"">Twitter for Android</a>",Swallowed an airpod but I cant turn off this podcast,PaulyPeligroso
276,,Wed Feb 06 05:06:22 +0000 2019,[],en,"<a href=""http://twitter.com/download/android"" rel=""nofollow"">Twitter for Android</a>",how my debt looks at me when I make a payment towards it https://t.co/TBF4mp8qTl,PaulyPeligroso
277,,Wed Feb 06 05:04:29 +0000 2019,[],en,"<a href=""http://twitter.com/download/android"" rel=""nofollow"">Twitter for Android</a>",@lickmysasshole Shout out to that man.,PaulyPeligroso
278,,Wed Feb 06 05:01:49 +0000 2019,[],en,"<a href=""http://twitter.com/download/android"" rel=""nofollow"">Twitter for Android</a>",They put a flashlight on your phone and all you use it for is to eat food in the dark,PaulyPeligroso
279,,Wed Feb 06 04:57:41 +0000 2019,[],en,"<a href=""http://twitter.com/download/android"" rel=""nofollow"">Twitter for Android</a>","@TheLachizzle He's straight up French tho, no?",PaulyPeligroso
280,,Wed Feb 06 04:46:53 +0000 2019,[],en,"<a href=""http://twitter.com/download/android"" rel=""nofollow"">Twitter for Android</a>",Has there ever been a white dude named Ren√©? I know like 40 dudes named that shit,PaulyPeligroso
281,,Wed Feb 06 00:52:14 +0000 2019,"[{'text': 'TUCSON', 'indices': [0, 7]}]",en,"<a href=""http://twitter.com/download/android"" rel=""nofollow"">Twitter for Android</a>","#TUCSON

TONIGHT 

8pm

Hotel McCoy https://t.co/nqapEc6vsm",PaulyPeligroso
282,,Wed Feb 06 00:51:22 +0000 2019,[],en,"<a href=""http://twitter.com/download/android"" rel=""nofollow"">Twitter for Android</a>",RT @DRBlast: @PaulyPeligroso bro is really out here https://t.co/4pxZlCoiaS,PaulyPeligroso
283,,Tue Feb 05 14:08:50 +0000 2019,[],en,"<a href=""http://twitter.com/download/android"" rel=""nofollow"">Twitter for Android</a>",And it stops with Starbucks man.,PaulyPeligroso
284,,Tue Feb 05 14:08:28 +0000 2019,[],en,"<a href=""http://twitter.com/download/android"" rel=""nofollow"">Twitter for Android</a>",We have been vilifying people of wealth for years. https://t.co/1zHzmxeRGR,PaulyPeligroso
285,,Tue Feb 05 14:05:28 +0000 2019,[],en,"<a href=""http://twitter.com/download/android"" rel=""nofollow"">Twitter for Android</a>","RT @SICKOFWOLVES: A BILLIONAIRE IS GOING TO USE THE WORD ""WEALTHPHOBIC"" ON TV WITHIN THIS CALENDAR YEAR",PaulyPeligroso
286,,Mon Feb 04 04:18:16 +0000 2019,[],en,"<a href=""http://twitter.com/download/android"" rel=""nofollow"">Twitter for Android</a>",There was a puppy in the Puppy Bowl named Shy Boy. I love seeing Mexican representation on television.,PaulyPeligroso
287,,Mon Feb 04 03:41:50 +0000 2019,[],en,"<a href=""http://twitter.com/download/android"" rel=""nofollow"">Twitter for Android</a>",A Red Hot Chili Pepper song come to life https://t.co/XdoGVUbSGf,PaulyPeligroso
288,,Wed Feb 13 17:59:00 +0000 2019,[],en,"<a href=""https://about.twitter.com/products/tweetdeck"" rel=""nofollow"">TweetDeck</a>","Today in 2018, the heads of the U.S. intelligence community say that Russia is intent on disrupting foreign electio‚Ä¶ https://t.co/HHrRMivjgK",Disalmanac
289,,Wed Feb 13 16:59:00 +0000 2019,[],en,"<a href=""https://about.twitter.com/products/tweetdeck"" rel=""nofollow"">TweetDeck</a>","Today in 2018, Michael Cohen said that he paid $130,000 of his own money to adult-film actress Stormy Daniels for h‚Ä¶ https://t.co/Ps0iskuQTH",Disalmanac
290,,Tue Feb 12 16:58:01 +0000 2019,[],en,"<a href=""https://about.twitter.com/products/tweetdeck"" rel=""nofollow"">TweetDeck</a>","Today in 1809, Abraham Lincoln was born. He was a Republican, even though he didn't build a wall or throw children‚Ä¶ https://t.co/jY5gZMkrhq",Disalmanac
291,,Tue Feb 12 16:25:18 +0000 2019,[],en,"<a href=""https://about.twitter.com/products/tweetdeck"" rel=""nofollow"">TweetDeck</a>","Today in 1809, Charles Darwin was born. He discovered that people who don't believe in evolution evolved from brain dead banana slugs.",Disalmanac
292,,Mon Feb 11 16:59:00 +0000 2019,[],en,"<a href=""https://about.twitter.com/products/tweetdeck"" rel=""nofollow"">TweetDeck</a>","Today in 1916, Emma Goldman was arrested for talking about birth control, in case you were wondering what America w‚Ä¶ https://t.co/LsrR1caKTK",Disalmanac
293,,Mon Feb 11 16:27:00 +0000 2019,[],en,"<a href=""https://about.twitter.com/products/tweetdeck"" rel=""nofollow"">TweetDeck</a>","Today in 1847, Thomas Edison was born. It was originally Tesla's birthday, but Edison totally stole it.",Disalmanac
294,,Mon Feb 11 15:46:22 +0000 2019,[],en,"<a href=""https://about.twitter.com/products/tweetdeck"" rel=""nofollow"">TweetDeck</a>","Today in 1650, Rene Descartes died. He no longer thought, therefore he wasn't.",Disalmanac
295,,Sun Feb 10 17:30:00 +0000 2019,[],en,"<a href=""https://about.twitter.com/products/tweetdeck"" rel=""nofollow"">TweetDeck</a>","Today in 1861, Jefferson Davis became president of the Confederacy. Their presidential mansion was called The Reall‚Ä¶ https://t.co/zib3Jx8ahz",Disalmanac
296,,Sun Feb 10 16:59:00 +0000 2019,[],en,"<a href=""https://about.twitter.com/products/tweetdeck"" rel=""nofollow"">TweetDeck</a>","Today in 2004, Kanye West released his debut album. Before this, no one had ever heard of him, and what a wonderful happy-bunny time it was.",Disalmanac
297,,Sat Feb 09 18:00:02 +0000 2019,[],en,"<a href=""https://about.twitter.com/products/tweetdeck"" rel=""nofollow"">TweetDeck</a>","Today in 1895, the game of volleyball was invented as yet another way to humiliate you in gym class.",Disalmanac
298,,Sat Feb 09 16:59:00 +0000 2019,[],en,"<a href=""https://about.twitter.com/products/tweetdeck"" rel=""nofollow"">TweetDeck</a>","Today in 1775, the British Parliament declared that Massachusetts was revolting. Many people still agree.",Disalmanac
299,,Sat Feb 09 16:37:56 +0000 2019,[],en,"<a href=""https://about.twitter.com/products/tweetdeck"" rel=""nofollow"">TweetDeck</a>","Today in 1773, William Henry Harrison was born. He was president for a month, which is about a billion years longer‚Ä¶ https://t.co/c1I851UeiX",Disalmanac
300,,Fri Feb 08 16:59:00 +0000 2019,[],en,"<a href=""https://about.twitter.com/products/tweetdeck"" rel=""nofollow"">TweetDeck</a>","Today in 1952, Elizabeth II was proclaimed Queen of England after winning the reality show ""So You Think You Can Wear Little Tiny Hats.""",Disalmanac
301,,Fri Feb 08 16:00:01 +0000 2019,[],en,"<a href=""https://about.twitter.com/products/tweetdeck"" rel=""nofollow"">TweetDeck</a>","Today in 1932, John Williams was born. He wrote the music for ""Jaws,"" ""Star Wars,"" and the surprisingly unsuccessful ""Shark Wars In Space.""",Disalmanac
302,,Thu Feb 07 20:00:01 +0000 2019,[],en,"<a href=""https://about.twitter.com/products/tweetdeck"" rel=""nofollow"">TweetDeck</a>","Today in 1956, @EmoPhilips was born. Emo music is not his fault, so stop writing him all those angry letters.",Disalmanac
303,,Thu Feb 07 19:00:01 +0000 2019,[],en,"<a href=""https://about.twitter.com/products/tweetdeck"" rel=""nofollow"">TweetDeck</a>","Today in 1812, Charles Dickens was born. He wrote ""A Tale of Two Cities;"" sadly, the two cities were Fresno and Boise so it's REALLY dull.",Disalmanac
304,,Thu Feb 07 18:00:00 +0000 2019,[],en,"<a href=""https://about.twitter.com/products/tweetdeck"" rel=""nofollow"">TweetDeck</a>","Today in 1962, Garth Brooks was born. To this day, nobody knows what the fuck that Chris Gaines shit was about.",Disalmanac
305,,Thu Feb 07 16:59:00 +0000 2019,[],en,"<a href=""https://about.twitter.com/products/tweetdeck"" rel=""nofollow"">TweetDeck</a>","Today in 1804, John Deere was born. He invented the tractor and several other modern, convenient ways for a farmer to lose an arm.",Disalmanac
306,,Thu Feb 07 16:10:20 +0000 2019,[],en,"<a href=""https://about.twitter.com/products/tweetdeck"" rel=""nofollow"">TweetDeck</a>","Today in 2017, the Senate confirmed Betsy DeVos as Secretary of Education, and America's collective IQ immediately dropped 60 points.",Disalmanac
307,,Wed Feb 06 18:00:01 +0000 2019,[],en,"<a href=""https://about.twitter.com/products/tweetdeck"" rel=""nofollow"">TweetDeck</a>","Today in 1911, Ronald Reagan was born. We're still waiting to get trickled-down-upon-ed.",Disalmanac
308,,Wed Feb 06 17:30:01 +0000 2019,[],en,"<a href=""https://about.twitter.com/products/tweetdeck"" rel=""nofollow"">TweetDeck</a>","Today in 1945, Bob Marley was born. He sang every reggae song ever, according to really, really white people.",Disalmanac
309,,Wed Feb 06 16:59:00 +0000 2019,[],en,"<a href=""https://about.twitter.com/products/tweetdeck"" rel=""nofollow"">TweetDeck</a>","Today in 1962, Axl Rose was born. He discovered that the word ""child"" actually has like, 150 syllables.",Disalmanac
310,,Tue Feb 05 18:00:00 +0000 2019,[],en,"<a href=""https://about.twitter.com/products/tweetdeck"" rel=""nofollow"">TweetDeck</a>","Today in 1914, William S. Burroughs was born. He not only wrote ""Naked Lunch,"" it's why he got banned for life from Applebee's.",Disalmanac
311,,Tue Feb 05 17:30:00 +0000 2019,[],en,"<a href=""https://about.twitter.com/products/tweetdeck"" rel=""nofollow"">TweetDeck</a>","Today in 1934, Hank Aaron was born. He hit 755 home runs back when the only performance-enhancing drug available was Flintstones vitamins.",Disalmanac
312,,Tue Feb 05 16:59:00 +0000 2019,[],en,"<a href=""https://about.twitter.com/products/tweetdeck"" rel=""nofollow"">TweetDeck</a>","In Pakistan, today is Kashmir Day. Tomorrow is Whole Lotta Love Day, and Trampled Under Foot Day comes afterward.",Disalmanac
313,,Tue Feb 05 16:30:01 +0000 2019,[],en,"<a href=""https://about.twitter.com/products/tweetdeck"" rel=""nofollow"">TweetDeck</a>","Today is National Pancake Day, when we remember all the pancakes that died in the Great Pancake Wars. We salute you.",Disalmanac
314,,Tue Feb 05 16:00:01 +0000 2019,[],en,"<a href=""https://about.twitter.com/products/tweetdeck"" rel=""nofollow"">TweetDeck</a>","Today is Chinese New Year. It's the Year of the Pig, though really: does Louis CK deserve his own year?",Disalmanac
315,,Mon Feb 04 16:24:00 +0000 2019,[],en,"<a href=""https://about.twitter.com/products/tweetdeck"" rel=""nofollow"">TweetDeck</a>",Today in 2004 Facebook was founded. Facebook's business model is subverting the fuck out of democracy.,Disalmanac
316,,Mon Feb 04 16:05:50 +0000 2019,[],en,"<a href=""https://about.twitter.com/products/tweetdeck"" rel=""nofollow"">TweetDeck</a>",@craigperko Or even a hamberder.,Disalmanac
317,,Mon Feb 04 15:56:23 +0000 2019,[],en,"<a href=""https://about.twitter.com/products/tweetdeck"" rel=""nofollow"">TweetDeck</a>","Today in 1947, Dan Quayle was born. Sadly, he would be by far the smartest person in the current White House.",Disalmanac
